id,name,email
e9ac86a0-c9e0-4070-9d18-a8eb0244bcce,渡辺 桃子,kobayashirei@example.org
4c2068ee-acec-406c-a206-5342a94cd4c9,山崎 直人,kazuyasato@example.com
f4154c67-b362-4077-85a1-cbb409bf66d1,前田 知実,nakamurashota@example.com
e3a92f0d-24aa-4c99-8201-9fab8b6a2fb2,林 裕樹,dyoshida@example.com
9e52b006-f510-4dc7-8734-947eca789150,佐藤 亮介,ryosuke96@example.net
8ff6e99a-2247-4f73-9f02-44ed2bce3cde,松田 真綾,ogawayuki@example.com
a77adc91-1e7b-47d6-8e54-e4924322e298,村上 浩,sasakiyuki@example.org
9433e4cb-68fa-43e9-aa5c-adf047253f47,山本 七夏,inouehanako@example.org
beea2cf6-3fc2-4c90-a2c9-1990f8d2b80d,高橋 知実,msato@example.net
76ba291f-9cd0-4549-bb95-8333f888a2b6,清水 亮介,nakamurashota@example.net
